Vertices,Alpha(g),Number Of Roots,Number Of Max Points,Number Of Min Points,Polynomial,Degree Array,Max Deg
10,18,2,0,1,1 + 20*X + 169X^2 + 866X^3 + 3160X^4 + 8703X^5 + 18692X^6 + 31908X^7 + 43794X^8 + 48629X^9 + 43759X^10 + 31824X^11 + 18564X^12 + 8568X^13 + 3060X^14 + 816X^15 + 153X^16 + 18X^17 + X^18,[ 1 1 1 1 1 1 1 1 1 1 1 1 1 1 1 1 1 2 9 10 ],10
10,19,1,0,0,1 + 20*X + 171X^2 + 969X^3 + 3876X^4 + 11628X^5 + 27132X^6 + 50388X^7 + 75582X^8 + 92378X^9 + 92378X^10 + 75582X^11 + 50388X^12 + 27132X^13 + 11628X^14 + 3876X^15 + 969X^16 + 171X^17 + 19X^18 + X^19,[ 1 1 1 1 1 1 1 1 1 1 1 1 1 1 1 1 1 1 1 19 ],19
10,15,5,2,3,1 + 20*X + 171X^2 + 832X^3 + 2604X^4 + 5662X^5 + 9034X^6 + 10944X^7 + 10236X^8 + 7423X^9 + 4150X^10 + 1760X^11 + 549X^12 + 119X^13 + 16X^14 + X^15,[ 1 1 1 1 1 1 1 1 1 1 1 2 2 2 2 2 3 4 4 6 ],6
10,16,1,2,3,1 + 20*X + 168X^2 + 809X^3 + 2582X^4 + 5966X^5 + 10487X^6 + 14367X^7 + 15521X^8 + 13270X^9 + 8953X^10 + 4721X^11 + 1910X^12 + 574X^13 + 121X^14 + 16X^15 + X^16,[ 1 1 1 1 1 1 1 1 1 1 1 1 1 2 2 2 3 4 4 8 ],8
10,17,1,2,2,1 + 20*X + 171X^2 + 856X^3 + 2912X^4 + 7333X^5 + 14201X^6 + 21661X^7 + 26365X^8 + 25763X^9 + 20218X^10 + 12673X^11 + 6267X^12 + 2393X^13 + 681X^14 + 136X^15 + 17X^16 + X^17,[ 1 1 1 1 1 1 1 1 1 1 1 1 1 1 1 2 2 4 6 9 ],9
10,18,4,1,2,1 + 20*X + 166X^2 + 863X^3 + 3180X^4 + 8778X^5 + 18816X^6 + 32034X^7 + 43878X^8 + 48665X^9 + 43768X^10 + 31825X^11 + 18564X^12 + 8568X^13 + 3060X^14 + 816X^15 + 153X^16 + 18X^17 + X^18,[ 1 1 1 1 1 1 1 1 1 1 1 1 1 1 1 1 1 2 8 11 ],11
10,16,0,1,2,1 + 20*X + 171X^2 + 836X^3 + 2670X^4 + 6069X^5 + 10398X^6 + 13882X^7 + 14703X^8 + 12441X^9 + 8394X^10 + 4467X^11 + 1835X^12 + 561X^13 + 120X^14 + 16X^15 + X^16,[ 1 1 1 1 1 1 1 1 1 1 1 1 1 2 2 2 4 5 5 5 ],5
10,18,3,2,3,1 + 20*X + 170X^2 + 884X^3 + 3237X^4 + 8902X^5 + 19026X^6 + 32286X^7 + 44088X^8 + 48785X^9 + 43813X^10 + 31835X^11 + 18565X^12 + 8568X^13 + 3060X^14 + 816X^15 + 153X^16 + 18X^17 + X^18,[ 1 1 1 1 1 1 1 1 1 1 1 1 1 1 1 1 1 2 7 12 ],12
10,11,3,2,2,1 + 20*X + 166X^2 + 761X^3 + 2138X^4 + 3840X^5 + 4449X^6 + 3268X^7 + 1456X^8 + 367X^9 + 50X^10 + 4X^11,[ 1 1 1 1 1 2 2 2 2 2 2 2 2 2 2 2 2 2 3 4 ],4
10,14,3,1,3,1 + 20*X + 167X^2 + 791X^3 + 2419X^4 + 5140X^5 + 7922X^6 + 9062X^7 + 7766X^8 + 4985X^9 + 2375X^10 + 821X^11 + 196X^12 + 29X^13 + 2X^14,[ 1 1 1 1 1 1 1 1 1 1 2 2 2 2 2 2 3 3 3 7 ],7
10,13,3,2,2,1 + 20*X + 170X^2 + 812X^3 + 2446X^4 + 4962X^5 + 7064X^6 + 7238X^7 + 5403X^8 + 2934X^9 + 1138X^10 + 302X^11 + 50X^12 + 4X^13,[ 1 1 1 1 1 1 1 1 1 2 2 2 2 2 2 2 3 3 4 5 ],5
10,15,3,2,2,1 + 20*X + 171X^2 + 826X^3 + 2563X^4 + 5527X^5 + 8743X^6 + 10496X^7 + 9746X^8 + 7051X^9 + 3959X^10 + 1697X^11 + 537X^12 + 118X^13 + 16X^14 + X^15,[ 1 1 1 1 1 1 1 1 1 1 1 2 2 2 2 2 4 4 4 5 ],5
10,13,3,2,3,1 + 20*X + 170X^2 + 807X^3 + 2398X^4 + 4756X^5 + 6552X^6 + 6424X^7 + 4530X^8 + 2282X^9 + 795X^10 + 178X^11 + 22X^12 + X^13,[ 1 1 1 1 1 1 1 2 2 2 2 2 2 2 2 2 2 3 4 4 ],4
10,11,2,2,2,1 + 20*X + 170X^2 + 806X^3 + 2371X^4 + 4558X^5 + 5863X^6 + 5063X^7 + 2887X^8 + 1042X^9 + 218X^10 + 21X^11,[ 1 1 1 1 1 1 2 2 2 2 2 2 2 2 2 2 2 3 3 4 ],4
10,17,2,1,1,1 + 20*X + 171X^2 + 851X^3 + 2860X^4 + 7088X^5 + 13567X^6 + 20585X^7 + 25090X^8 + 24685X^9 + 19568X^10 + 12399X^11 + 6190X^12 + 2380X^13 + 680X^14 + 136X^15 + 17X^16 + X^17,[ 1 1 1 1 1 1 1 1 1 1 1 1 1 1 1 2 2 6 6 7 ],7
10,16,1,1,2,1 + 20*X + 169X^2 + 820X^3 + 2642X^4 + 6173X^5 + 10987X^6 + 15288X^7 + 16825X^8 + 14671X^9 + 10077X^10 + 5381X^11 + 2185X^12 + 651X^13 + 134X^14 + 17X^15 + X^16,[ 1 1 1 1 1 1 1 1 1 1 1 1 1 2 2 2 2 5 5 7 ],7
10,14,4,3,4,1 + 20*X + 169X^2 + 814X^3 + 2556X^4 + 5654X^5 + 9199X^6 + 11234X^7 + 10365X^8 + 7207X^9 + 3730X^10 + 1397X^11 + 358X^12 + 56X^13 + 4X^14,[ 1 1 1 1 1 1 1 1 1 1 1 2 2 2 2 2 2 4 4 7 ],7
10,17,3,2,2,1 + 20*X + 168X^2 + 831X^3 + 2812X^4 + 7056X^5 + 13653X^6 + 20841X^7 + 25433X^8 + 24970X^9 + 19723X^10 + 12453X^11 + 6201X^12 + 2381X^13 + 680X^14 + 136X^15 + 17X^16 + X^17,[ 1 1 1 1 1 1 1 1 1 1 1 1 1 1 1 2 2 5 6 8 ],8
10,17,3,1,2,1 + 20*X + 171X^2 + 888X^3 + 3192X^4 + 8442X^5 + 16998X^6 + 26631X^7 + 32923X^8 + 32362X^9 + 25333X^10 + 15720X^11 + 7642X^12 + 2849X^13 + 786X^14 + 151X^15 + 18X^16 + X^17,[ 1 1 1 1 1 1 1 1 1 1 1 1 1 1 1 2 2 2 4 13 ],13
10,11,3,2,2,1 + 20*X + 165X^2 + 753X^3 + 2113X^4 + 3816X^5 + 4501X^6 + 3438X^7 + 1646X^8 + 463X^9 + 68X^10 + 4X^11,[ 1 1 1 1 1 2 2 2 2 2 2 2 2 2 2 2 2 3 3 3 ],3
10,17,2,1,1,1 + 20*X + 171X^2 + 859X^3 + 2937X^4 + 7380X^5 + 14237X^6 + 21640X^7 + 26294X^8 + 25695X^9 + 20184X^10 + 12664X^11 + 6266X^12 + 2393X^13 + 681X^14 + 136X^15 + 17X^16 + X^17,[ 1 1 1 1 1 1 1 1 1 1 1 1 1 1 1 2 2 4 7 8 ],8
10,17,4,2,2,1 + 20*X + 170X^2 + 863X^3 + 3041X^4 + 7933X^5 + 15882X^6 + 24937X^7 + 31082X^8 + 30911X^9 + 24508X^10 + 15390X^11 + 7554X^12 + 2835X^13 + 785X^14 + 151X^15 + 18X^16 + X^17,[ 1 1 1 1 1 1 1 1 1 1 1 1 1 1 1 2 2 2 6 11 ],11
10,12,2,2,4,1 + 20*X + 169X^2 + 795X^3 + 2315X^4 + 4395X^5 + 5593X^6 + 4847X^7 + 2885X^8 + 1176X^9 + 318X^10 + 52X^11 + 4X^12,[ 1 1 1 1 1 1 1 2 2 2 2 2 2 2 2 2 3 3 3 4 ],4
10,15,1,1,1,1 + 20*X + 170X^2 + 826X^3 + 2623X^4 + 5891X^5 + 9842X^6 + 12523X^7 + 12257X^8 + 9220X^9 + 5277X^10 + 2252X^11 + 692X^12 + 144X^13 + 18X^14 + X^15,[ 1 1 1 1 1 1 1 1 1 1 1 2 2 2 2 2 2 3 6 6 ],6
10,14,2,1,2,1 + 20*X + 168X^2 + 785X^3 + 2285X^4 + 4429X^5 + 6010X^6 + 5996X^7 + 4550X^8 + 2663X^9 + 1194X^10 + 399X^11 + 94X^12 + 14X^13 + X^14,[ 1 1 1 1 1 1 1 1 1 2 2 2 2 2 2 3 3 3 4 4 ],4
10,13,5,3,2,1 + 20*X + 168X^2 + 794X^3 + 2373X^4 + 4766X^5 + 6655X^6 + 6572X^7 + 4606X^8 + 2267X^9 + 761X^10 + 164X^11 + 20X^12 + X^13,[ 1 1 1 1 1 1 1 2 2 2 2 2 2 2 2 2 2 3 3 5 ],5
10,15,3,2,2,1 + 20*X + 168X^2 + 803X^3 + 2487X^4 + 5383X^5 + 8554X^6 + 10294X^7 + 9537X^8 + 6836X^9 + 3775X^10 + 1585X^11 + 493X^12 + 108X^13 + 15X^14 + X^15,[ 1 1 1 1 1 1 1 1 1 1 1 2 2 2 2 3 3 3 4 6 ],6
10,16,0,2,3,1 + 20*X + 171X^2 + 840X^3 + 2718X^4 + 6303X^5 + 11029X^6 + 14969X^7 + 15991X^8 + 13525X^9 + 9045X^10 + 4741X^11 + 1912X^12 + 574X^13 + 121X^14 + 16X^15 + X^16,[ 1 1 1 1 1 1 1 1 1 1 1 1 1 2 2 2 3 4 5 7 ],7
10,13,2,2,2,1 + 20*X + 166X^2 + 765X^3 + 2203X^4 + 4228X^5 + 5635X^6 + 5363X^7 + 3709X^8 + 1874X^9 + 683X^10 + 172X^11 + 27X^12 + 2X^13,[ 1 1 1 1 1 1 1 1 2 2 2 2 2 2 2 2 3 3 3 5 ],5
10,17,5,1,2,1 + 20*X + 168X^2 + 847X^3 + 2964X^4 + 7724X^5 + 15531X^6 + 24545X^7 + 30782X^8 + 30754X^9 + 24454X^10 + 15379X^11 + 7553X^12 + 2835X^13 + 785X^14 + 151X^15 + 18X^16 + X^17,[ 1 1 1 1 1 1 1 1 1 1 1 1 1 1 1 2 2 2 7 10 ],10
10,13,3,1,1,1 + 20*X + 171X^2 + 816X^3 + 2422X^4 + 4759X^5 + 6453X^6 + 6234X^7 + 4362X^8 + 2214X^9 + 799X^10 + 195X^11 + 29X^12 + 2X^13,[ 1 1 1 1 1 1 1 1 2 2 2 2 2 2 2 2 3 3 4 4 ],4
10,13,2,2,1,1 + 20*X + 169X^2 + 804X^3 + 2417X^4 + 4879X^5 + 6859X^6 + 6874X^7 + 4973X^8 + 2589X^9 + 944X^10 + 227X^11 + 32X^12 + 2X^13,[ 1 1 1 1 1 1 1 1 2 2 2 2 2 2 2 2 2 2 4 6 ],6
10,17,1,1,1,1 + 20*X + 170X^2 + 843X^3 + 2835X^4 + 7053X^5 + 13567X^6 + 20673X^7 + 25259X^8 + 24859X^9 + 19679X^10 + 12443X^11 + 6200X^12 + 2381X^13 + 680X^14 + 136X^15 + 17X^16 + X^17,[ 1 1 1 1 1 1 1 1 1 1 1 1 1 1 1 2 2 5 7 7 ],7
10,12,1,1,3,1 + 20*X + 168X^2 + 791X^3 + 2343X^4 + 4636X^5 + 6338X^6 + 6095X^7 + 4147X^8 + 1980X^9 + 641X^10 + 128X^11 + 12X^12,[ 1 1 1 1 1 1 1 1 2 2 2 2 2 2 2 2 2 3 4 5 ],5
10,12,3,1,3,1 + 20*X + 169X^2 + 802X^3 + 2396X^4 + 4776X^5 + 6546X^6 + 6238X^7 + 4107X^8 + 1816X^9 + 505X^10 + 76X^11 + 4X^12,[ 1 1 1 1 1 1 1 2 2 2 2 2 2 2 2 2 2 2 4 5 ],5
10,16,2,1,10,1 + 20*X + 169X^2 + 827X^3 + 2690X^4 + 6285X^5 + 11058X^6 + 15069X^7 + 16143X^8 + 13670X^9 + 9136X^10 + 4778X^11 + 1921X^12 + 575X^13 + 121X^14 + 16X^15 + X^16,[ 1 1 1 1 1 1 1 1 1 1 1 1 1 2 2 2 3 3 5 8 ],8
10,15,2,1,1,1 + 20*X + 170X^2 + 823X^3 + 2570X^4 + 5557X^5 + 8720X^6 + 10271X^7 + 9300X^8 + 6560X^9 + 3607X^10 + 1525X^11 + 481X^12 + 107X^13 + 15X^14 + X^15,[ 1 1 1 1 1 1 1 1 1 1 1 2 2 2 2 3 3 4 4 5 ],5
10,15,1,1,1,1 + 20*X + 171X^2 + 831X^3 + 2597X^4 + 5637X^5 + 8992X^6 + 10880X^7 + 10162X^8 + 7366X^9 + 4122X^10 + 1752X^11 + 548X^12 + 119X^13 + 16X^14 + X^15,[ 1 1 1 1 1 1 1 1 1 1 1 2 2 2 2 2 3 4 5 5 ],5
10,16,0,1,2,1 + 20*X + 171X^2 + 838X^3 + 2698X^4 + 6214X^5 + 10792X^6 + 14556X^7 + 15514X^8 + 13155X^9 + 8854X^10 + 4678X^11 + 1900X^12 + 573X^13 + 121X^14 + 16X^15 + X^16,[ 1 1 1 1 1 1 1 1 1 1 1 1 1 2 2 2 3 5 5 6 ],6
10,16,3,1,2,1 + 20*X + 170X^2 + 833X^3 + 2706X^4 + 6308X^5 + 11071X^6 + 15056X^7 + 16113X^8 + 13647X^9 + 9128X^10 + 4777X^11 + 1921X^12 + 575X^13 + 121X^14 + 16X^15 + X^16,[ 1 1 1 1 1 1 1 1 1 1 1 1 1 2 2 2 3 3 6 7 ],7
10,17,1,2,2,1 + 20*X + 171X^2 + 861X^3 + 2955X^4 + 7493X^5 + 14547X^6 + 22151X^7 + 26847X^8 + 26100X^9 + 20384X^10 + 12728X^11 + 6278X^12 + 2394X^13 + 681X^14 + 136X^15 + 17X^16 + X^17,[ 1 1 1 1 1 1 1 1 1 1 1 1 1 1 1 2 2 4 5 10 ],10
10,18,2,0,1,1 + 20*X + 171X^2 + 892X^3 + 3290X^4 + 9068X^5 + 19357X^6 + 32748X^7 + 44550X^8 + 49115X^9 + 43978X^10 + 31890X^11 + 18576X^12 + 8569X^13 + 3060X^14 + 816X^15 + 153X^16 + 18X^17 + X^18,[ 1 1 1 1 1 1 1 1 1 1 1 1 1 1 1 1 1 2 6 13 ],13
10,14,3,2,4,1 + 20*X + 169X^2 + 805X^3 + 2429X^4 + 4953X^5 + 7116X^6 + 7418X^7 + 5730X^8 + 3321X^9 + 1445X^10 + 464X^11 + 105X^12 + 15X^13 + X^14,[ 1 1 1 1 1 1 1 1 1 2 2 2 2 2 2 3 3 3 3 5 ],5
10,12,3,0,2,1 + 20*X + 170X^2 + 811X^3 + 2424X^4 + 4812X^5 + 6551X^6 + 6206X^7 + 4094X^8 + 1855X^9 + 556X^10 + 100X^11 + 8X^12,[ 1 1 1 1 1 1 1 1 2 2 2 2 2 2 2 2 2 4 4 4 ],4
10,12,4,2,4,1 + 20*X + 169X^2 + 794X^3 + 2305X^4 + 4356X^5 + 5501X^6 + 4689X^7 + 2692X^8 + 1026X^9 + 250X^10 + 35X^11 + 2X^12,[ 1 1 1 1 1 1 2 2 2 2 2 2 2 2 2 2 3 3 3 3 ],3
10,16,2,2,3,1 + 20*X + 170X^2 + 842X^3 + 2811X^4 + 6849X^5 + 12725X^6 + 18462X^7 + 21156X^8 + 19197X^9 + 13732X^10 + 7657X^11 + 3263X^12 + 1028X^13 + 226X^14 + 31X^15 + 2X^16,[ 1 1 1 1 1 1 1 1 1 1 1 1 1 1 2 2 2 4 7 7 ],7
10,13,3,2,3,1 + 20*X + 170X^2 + 815X^3 + 2489X^4 + 5188X^5 + 7693X^6 + 8298X^7 + 6546X^8 + 3732X^9 + 1489X^10 + 391X^11 + 60X^12 + 4X^13,[ 1 1 1 1 1 1 1 1 1 2 2 2 2 2 2 2 2 4 4 5 ],5
10,17,6,0,1,1 + 20*X + 170X^2 + 865X^3 + 3018X^4 + 7727X^5 + 15087X^6 + 23008X^7 + 27826X^8 + 26920X^9 + 20887X^10 + 12949X^11 + 6344X^12 + 2406X^13 + 682X^14 + 136X^15 + 17X^16 + X^17,[ 1 1 1 1 1 1 1 1 1 1 1 1 1 1 1 2 2 4 4 11 ],11
10,17,2,2,2,1 + 20*X + 171X^2 + 861X^3 + 2971X^4 + 7568X^5 + 14817X^6 + 22811X^7 + 27950X^8 + 27394X^9 + 21469X^10 + 13379X^11 + 6552X^12 + 2471X^13 + 694X^14 + 137X^15 + 17X^16 + X^17,[ 1 1 1 1 1 1 1 1 1 1 1 1 1 1 1 2 2 3 7 9 ],9
10,16,3,1,3,1 + 20*X + 167X^2 + 814X^3 + 2681X^4 + 6445X^5 + 11778X^6 + 16691X^7 + 18498X^8 + 16062X^9 + 10890X^10 + 5710X^11 + 2273X^12 + 665X^13 + 135X^14 + 17X^15 + X^16,[ 1 1 1 1 1 1 1 1 1 1 1 1 1 2 2 2 2 3 6 8 ],8
10,17,1,2,2,1 + 20*X + 171X^2 + 853X^3 + 2894X^4 + 7260X^5 + 14019X^6 + 21324X^7 + 25902X^8 + 25301X^9 + 19888X^10 + 12508X^11 + 6212X^12 + 2382X^13 + 680X^14 + 136X^15 + 17X^16 + X^17,[ 1 1 1 1 1 1 1 1 1 1 1 1 1 1 1 2 2 5 5 9 ],9
10,16,4,2,3,1 + 20*X + 168X^2 + 826X^3 + 2741X^4 + 6594X^5 + 11947X^6 + 16675X^7 + 18181X^8 + 15589X^9 + 10504X^10 + 5512X^11 + 2209X^12 + 653X^13 + 134X^14 + 17X^15 + X^16,[ 1 1 1 1 1 1 1 1 1 1 1 1 1 2 2 2 2 4 5 8 ],8
10,13,1,1,1,1 + 20*X + 169X^2 + 802X^3 + 2411X^4 + 4900X^5 + 6995X^6 + 7174X^7 + 5346X^8 + 2896X^9 + 1124X^10 + 300X^11 + 50X^12 + 4X^13,[ 1 1 1 1 1 1 1 1 1 2 2 2 2 2 2 2 3 4 4 4 ],4
10,15,2,3,3,1 + 20*X + 168X^2 + 815X^3 + 2619X^4 + 6016X^5 + 10307X^6 + 13479X^7 + 13610X^8 + 10638X^9 + 6396X^10 + 2907X^11 + 966X^12 + 221X^13 + 31X^14 + 2X^15,[ 1 1 1 1 1 1 1 1 1 1 1 1 2 2 2 2 2 4 4 8 ],8
10,11,4,4,4,1 + 20*X + 169X^2 + 792X^3 + 2289X^4 + 4298X^5 + 5378X^6 + 4506X^7 + 2481X^8 + 850X^9 + 160X^10 + 12X^11,[ 1 1 1 1 1 1 2 2 2 2 2 2 2 2 2 2 2 2 3 5 ],5
10,15,3,2,2,1 + 20*X + 169X^2 + 819X^3 + 2599X^4 + 5838X^5 + 9740X^6 + 12419X^7 + 12281X^8 + 9456X^9 + 5635X^10 + 2555X^11 + 854X^12 + 199X^13 + 29X^14 + 2X^15,[ 1 1 1 1 1 1 1 1 1 1 1 1 2 2 2 2 3 3 6 6 ],6
10,15,1,1,1,1 + 20*X + 167X^2 + 787X^3 + 2415X^4 + 5253X^5 + 8609X^6 + 10904X^7 + 10824X^8 + 8444X^9 + 5137X^10 + 2390X^11 + 821X^12 + 196X^13 + 29X^14 + 2X^15,[ 1 1 1 1 1 1 1 1 1 1 1 1 2 2 2 2 4 4 4 6 ],6
10,15,3,2,3,1 + 20*X + 171X^2 + 829X^3 + 2564X^4 + 5444X^5 + 8389X^6 + 9777X^7 + 8831X^8 + 6248X^9 + 3458X^10 + 1476X^11 + 471X^12 + 106X^13 + 15X^14 + X^15,[ 1 1 1 1 1 1 1 1 1 1 1 2 2 2 2 3 4 4 4 4 ],4
10,18,3,1,2,1 + 20*X + 168X^2 + 895X^3 + 3346X^4 + 9283X^5 + 19851X^6 + 33540X^7 + 45474X^8 + 49907X^9 + 44473X^10 + 32110X^11 + 18642X^12 + 8581X^13 + 3061X^14 + 816X^15 + 153X^16 + 18X^17 + X^18,[ 1 1 1 1 1 1 1 1 1 1 1 1 1 1 1 1 1 2 5 14 ],14
10,15,1,1,1,1 + 20*X + 171X^2 + 838X^3 + 2676X^4 + 6013X^5 + 10007X^6 + 12687X^7 + 12444X^8 + 9493X^9 + 5610X^10 + 2531X^11 + 846X^12 + 198X^13 + 29X^14 + 2X^15,[ 1 1 1 1 1 1 1 1 1 1 1 1 2 2 2 2 3 4 4 7 ],7
10,14,3,3,4,1 + 20*X + 169X^2 + 803X^3 + 2418X^4 + 4965X^5 + 7302X^6 + 7917X^7 + 6401X^8 + 3852X^9 + 1704X^10 + 541X^11 + 118X^12 + 16X^13 + X^14,[ 1 1 1 1 1 1 1 1 1 2 2 2 2 2 2 2 2 3 5 5 ],5
10,16,2,1,2,1 + 20*X + 171X^2 + 840X^3 + 2713X^4 + 6260X^5 + 10877X^6 + 14627X^7 + 15485X^8 + 13015X^9 + 8688X^10 + 4568X^11 + 1856X^12 + 563X^13 + 120X^14 + 16X^15 + X^16,[ 1 1 1 1 1 1 1 1 1 1 1 1 1 2 2 2 4 4 4 7 ],7
10,13,4,2,2,1 + 20*X + 168X^2 + 785X^3 + 2281X^4 + 4380X^5 + 5790X^6 + 5431X^7 + 3695X^8 + 1844X^9 + 670X^10 + 170X^11 + 27X^12 + 2X^13,[ 1 1 1 1 1 1 1 1 2 2 2 2 2 2 2 3 3 3 3 4 ],4
10,14,3,1,3,1 + 20*X + 168X^2 + 799X^3 + 2445X^4 + 5193X^5 + 8029X^6 + 9287X^7 + 8123X^8 + 5354X^9 + 2615X^10 + 916X^11 + 217X^12 + 31X^13 + 2X^14,[ 1 1 1 1 1 1 1 1 1 1 2 2 2 2 2 2 2 4 4 6 ],6
10,17,2,1,1,1 + 20*X + 169X^2 + 847X^3 + 2956X^4 + 7699X^5 + 15490X^6 + 24506X^7 + 30760X^8 + 30747X^9 + 24453X^10 + 15379X^11 + 7553X^12 + 2835X^13 + 785X^14 + 151X^15 + 18X^16 + X^17,[ 1 1 1 1 1 1 1 1 1 1 1 1 1 1 1 2 2 2 8 9 ],9
10,16,3,1,2,1 + 20*X + 170X^2 + 826X^3 + 2627X^4 + 5971X^5 + 10242X^6 + 13700X^7 + 14549X^8 + 12349X^9 + 8357X^10 + 4458X^11 + 1834X^12 + 561X^13 + 120X^14 + 16X^15 + X^16,[ 1 1 1 1 1 1 1 1 1 1 1 1 1 2 2 2 4 4 5 6 ],6
10,11,4,2,2,1 + 20*X + 169X^2 + 791X^3 + 2257X^4 + 4072X^5 + 4667X^6 + 3323X^7 + 1389X^8 + 308X^9 + 33X^10 + 2X^11,[ 1 1 1 1 2 2 2 2 2 2 2 2 2 2 2 2 2 2 3 3 ],3
10,14,3,1,3,1 + 20*X + 169X^2 + 805X^3 + 2459X^4 + 5183X^5 + 7884X^6 + 8893X^7 + 7544X^8 + 4826X^9 + 2307X^10 + 804X^11 + 194X^12 + 29X^13 + 2X^14,[ 1 1 1 1 1 1 1 1 1 1 2 2 2 2 2 2 3 3 4 6 ],6
10,13,3,2,3,1 + 20*X + 170X^2 + 816X^3 + 2490X^4 + 5159X^5 + 7549X^6 + 7975X^7 + 6131X^8 + 3409X^9 + 1339X^10 + 353X^11 + 56X^12 + 4X^13,[ 1 1 1 1 1 1 1 1 1 2 2 2 2 2 2 2 2 3 4 6 ],6
10,17,2,1,1,1 + 20*X + 170X^2 + 855X^3 + 2940X^4 + 7472X^5 + 14645X^6 + 22620X^7 + 27813X^8 + 27331X^9 + 21452X^10 + 13377X^11 + 6552X^12 + 2471X^13 + 694X^14 + 137X^15 + 17X^16 + X^17,[ 1 1 1 1 1 1 1 1 1 1 1 1 1 1 1 2 2 3 8 8 ],8
10,15,3,1,1,1 + 20*X + 166X^2 + 789X^3 + 2468X^4 + 5483X^5 + 9064X^6 + 11483X^7 + 11340X^8 + 8778X^9 + 5293X^10 + 2440X^11 + 831X^12 + 197X^13 + 29X^14 + 2X^15,[ 1 1 1 1 1 1 1 1 1 1 1 1 2 2 2 2 3 5 5 5 ],5
10,13,4,2,2,1 + 20*X + 169X^2 + 808X^3 + 2475X^4 + 5196X^5 + 7761X^6 + 8393X^7 + 6586X^8 + 3706X^9 + 1454X^10 + 377X^11 + 58X^12 + 4X^13,[ 1 1 1 1 1 1 1 1 1 2 2 2 2 2 2 2 2 3 3 7 ],7
10,16,4,1,3,1 + 20*X + 170X^2 + 848X^3 + 2848X^4 + 6940X^5 + 12824X^6 + 18443X^7 + 20935X^8 + 18853X^9 + 13435X^10 + 7496X^11 + 3208X^12 + 1017X^13 + 225X^14 + 31X^15 + 2X^16,[ 1 1 1 1 1 1 1 1 1 1 1 1 1 1 2 2 2 4 6 8 ],8
10,17,2,1,1,1 + 20*X + 171X^2 + 870X^3 + 3054X^4 + 7920X^5 + 15671X^6 + 24168X^7 + 29458X^8 + 28600X^9 + 22165X^10 + 13663X^11 + 6630X^12 + 2484X^13 + 695X^14 + 137X^15 + 17X^16 + X^17,[ 1 1 1 1 1 1 1 1 1 1 1 1 1 1 1 2 2 3 4 12 ],12
10,14,3,1,3,1 + 20*X + 170X^2 + 819X^3 + 2522X^4 + 5314X^5 + 7990X^6 + 8784X^7 + 7134X^8 + 4273X^9 + 1864X^10 + 578X^11 + 122X^12 + 16X^13 + X^14,[ 1 1 1 1 1 1 1 1 1 2 2 2 2 2 2 2 3 3 3 6 ],6
10,13,7,4,3,1 + 20*X + 168X^2 + 793X^3 + 2368X^4 + 4768X^5 + 6723X^6 + 6777X^7 + 4912X^8 + 2537X^9 + 911X^10 + 217X^11 + 31X^12 + 2X^13,[ 1 1 1 1 1 1 1 1 2 2 2 2 2 2 2 2 2 3 3 6 ],6
10,16,2,1,2,1 + 20*X + 169X^2 + 829X^3 + 2709X^4 + 6375X^5 + 11336X^6 + 15680X^7 + 17125X^8 + 14828X^9 + 10131X^10 + 5392X^11 + 2186X^12 + 651X^13 + 134X^14 + 17X^15 + X^16,[ 1 1 1 1 1 1 1 1 1 1 1 1 1 2 2 2 2 4 6 7 ],7
10,18,2,1,2,1 + 20*X + 171X^2 + 912X^3 + 3426X^4 + 9569X^5 + 20566X^6 + 34827X^7 + 47190X^8 + 51623X^9 + 45760X^10 + 32825X^11 + 18928X^12 + 8659X^13 + 3074X^14 + 817X^15 + 153X^16 + 18X^17 + X^18,[ 1 1 1 1 1 1 1 1 1 1 1 1 1 1 1 1 1 2 4 15 ],15
10,16,1,1,2,1 + 20*X + 171X^2 + 849X^3 + 2809X^4 + 6704X^5 + 12020X^6 + 16553X^7 + 17746X^8 + 14918X^9 + 9842X^10 + 5063X^11 + 1999X^12 + 588X^13 + 122X^14 + 16X^15 + X^16,[ 1 1 1 1 1 1 1 1 1 1 1 1 1 2 2 2 3 3 4 9 ],9
10,16,4,1,3,1 + 20*X + 169X^2 + 830X^3 + 2733X^4 + 6515X^5 + 11734X^6 + 16349X^7 + 17846X^8 + 15343X^9 + 10375X^10 + 5466X^11 + 2199X^12 + 652X^13 + 134X^14 + 17X^15 + X^16,[ 1 1 1 1 1 1 1 1 1 1 1 1 1 2 2 2 2 4 4 9 ],9
10,14,3,3,4,1 + 20*X + 168X^2 + 796X^3 + 2412X^4 + 5038X^5 + 7629X^6 + 8648X^7 + 7452X^8 + 4881X^9 + 2393X^10 + 849X^11 + 205X^12 + 30X^13 + 2X^14,[ 1 1 1 1 1 1 1 1 1 1 2 2 2 2 2 2 2 4 5 5 ],5
10,16,4,2,3,1 + 20*X + 168X^2 + 830X^3 + 2791X^4 + 6814X^5 + 12511X^6 + 17666X^7 + 19440X^8 + 16759X^9 + 11293X^10 + 5888X^11 + 2329X^12 + 676X^13 + 136X^14 + 17X^15 + X^16,[ 1 1 1 1 1 1 1 1 1 1 1 1 1 2 2 2 2 3 5 9 ],9
10,16,3,1,3,1 + 20*X + 168X^2 + 823X^3 + 2711X^4 + 6496X^5 + 11829X^6 + 16725X^7 + 18515X^8 + 16068X^9 + 10891X^10 + 5710X^11 + 2273X^12 + 665X^13 + 135X^14 + 17X^15 + X^16,[ 1 1 1 1 1 1 1 1 1 1 1 1 1 2 2 2 2 3 7 7 ],7
10,16,1,1,2,1 + 20*X + 170X^2 + 832X^3 + 2698X^4 + 6296X^5 + 11132X^6 + 15377X^7 + 16838X^8 + 14649X^9 + 10058X^10 + 5374X^11 + 2184X^12 + 651X^13 + 134X^14 + 17X^15 + X^16,[ 1 1 1 1 1 1 1 1 1 1 1 1 1 2 2 2 2 5 6 6 ],6
10,15,3,2,2,1 + 20*X + 170X^2 + 829X^3 + 2636X^4 + 5876X^5 + 9595X^6 + 11777X^7 + 11009X^8 + 7867X^9 + 4280X^10 + 1751X^11 + 526X^12 + 111X^13 + 15X^14 + X^15,[ 1 1 1 1 1 1 1 1 1 1 1 2 2 2 2 3 3 3 3 7 ],7
10,11,6,3,3,1 + 20*X + 168X^2 + 782X^3 + 2242X^4 + 4166X^5 + 5149X^6 + 4283X^7 + 2394X^8 + 874X^9 + 189X^10 + 18X^11,[ 1 1 1 1 1 1 2 2 2 2 2 2 2 2 2 2 2 2 4 4 ],4
10,17,4,2,2,1 + 20*X + 170X^2 + 861X^3 + 2993X^4 + 7671X^5 + 15063X^6 + 23167X^7 + 28282X^8 + 27598X^9 + 21550X^10 + 13398X^11 + 6554X^12 + 2471X^13 + 694X^14 + 137X^15 + 17X^16 + X^17,[ 1 1 1 1 1 1 1 1 1 1 1 1 1 1 1 2 2 3 6 10 ],10
10,15,5,3,3,1 + 20*X + 168X^2 + 800X^3 + 2483X^4 + 5473X^5 + 9022X^6 + 11450X^7 + 11345X^8 + 8802X^9 + 5310X^10 + 2446X^11 + 832X^12 + 197X^13 + 29X^14 + 2X^15,[ 1 1 1 1 1 1 1 1 1 1 1 1 2 2 2 2 3 4 5 6 ],6
10,16,4,2,3,1 + 20*X + 171X^2 + 854X^3 + 2880X^4 + 7039X^5 + 12906X^6 + 18121X^7 + 19748X^8 + 16823X^9 + 11208X^10 + 5797X^11 + 2287X^12 + 666X^13 + 135X^14 + 17X^15 + X^16,[ 1 1 1 1 1 1 1 1 1 1 1 1 1 2 2 2 2 3 4 10 ],10
10,14,1,2,3,1 + 20*X + 171X^2 + 833X^3 + 2631X^4 + 5802X^5 + 9320X^6 + 11133X^7 + 9957X^8 + 6654X^9 + 3287X^10 + 1171X^11 + 286X^12 + 43X^13 + 3X^14,[ 1 1 1 1 1 1 1 1 1 1 2 2 2 2 2 2 2 3 4 7 ],7
10,12,2,1,2,1 + 20*X + 168X^2 + 787X^3 + 2295X^4 + 4399X^5 + 5699X^6 + 5069X^7 + 3092X^8 + 1273X^9 + 340X^10 + 54X^11 + 4X^12,[ 1 1 1 1 1 1 1 2 2 2 2 2 2 2 2 3 3 3 3 3 ],3
10,17,2,1,1,1 + 20*X + 171X^2 + 870X^3 + 3042X^4 + 7830X^5 + 15391X^6 + 23629X^7 + 28744X^8 + 27928X^9 + 21715X^10 + 13453X^11 + 6565X^12 + 2472X^13 + 694X^14 + 137X^15 + 17X^16 + X^17,[ 1 1 1 1 1 1 1 1 1 1 1 1 1 1 1 2 2 3 5 11 ],11
10,16,1,1,2,1 + 20*X + 170X^2 + 834X^3 + 2737X^4 + 6547X^5 + 11996X^6 + 17286X^7 + 19813X^8 + 18089X^9 + 13074X^10 + 7382X^11 + 3186X^12 + 1015X^13 + 225X^14 + 31X^15 + 2X^16,[ 1 1 1 1 1 1 1 1 1 1 1 1 1 1 2 2 2 5 6 7 ],7
10,16,3,2,3,1 + 20*X + 170X^2 + 838X^3 + 2771X^4 + 6686X^5 + 12311X^6 + 17727X^7 + 20218X^8 + 18335X^9 + 13169X^10 + 7403X^11 + 3188X^12 + 1015X^13 + 225X^14 + 31X^15 + 2X^16,[ 1 1 1 1 1 1 1 1 1 1 1 1 1 1 2 2 2 5 5 8 ],8
10,14,2,1,11,1 + 20*X + 167X^2 + 789X^3 + 2395X^4 + 5010X^5 + 7544X^6 + 8410X^7 + 7058X^8 + 4486X^9 + 2145X^10 + 753X^11 + 184X^12 + 28X^13 + 2X^14,[ 1 1 1 1 1 1 1 1 1 1 2 2 2 2 2 2 3 4 4 5 ],5
10,15,4,4,4,1 + 20*X + 170X^2 + 823X^3 + 2593X^4 + 5753X^5 + 9449X^6 + 11842X^7 + 11495X^8 + 8658X^9 + 5006X^10 + 2170X^11 + 678X^12 + 143X^13 + 18X^14 + X^15,[ 1 1 1 1 1 1 1 1 1 1 1 2 2 2 2 2 2 4 5 6 ],6
10,15,3,3,3,1 + 20*X + 171X^2 + 837X^3 + 2668X^4 + 5978X^5 + 9877X^6 + 12368X^7 + 11883X^8 + 8772X^9 + 4937X^10 + 2081X^11 + 636X^12 + 133X^13 + 17X^14 + X^15,[ 1 1 1 1 1 1 1 1 1 1 1 2 2 2 2 2 2 3 5 7 ],7
10,14,3,1,3,1 + 20*X + 169X^2 + 804X^3 + 2437X^4 + 5076X^5 + 7640X^6 + 8579X^7 + 7304X^8 + 4722X^9 + 2288X^10 + 806X^11 + 195X^12 + 29X^13 + 2X^14,[ 1 1 1 1 1 1 1 1 1 1 2 2 2 2 2 2 3 3 5 5 ],5
10,16,3,2,3,1 + 20*X + 170X^2 + 848X^3 + 2870X^4 + 7115X^5 + 13452X^6 + 19808X^7 + 22945X^8 + 20959X^9 + 15034X^10 + 8374X^11 + 3549X^12 + 1106X^13 + 239X^14 + 32X^15 + 2X^16,[ 1 1 1 1 1 1 1 1 1 1 1 1 1 1 2 2 2 3 6 9 ],9
10,15,3,2,1,1 + 20*X + 170X^2 + 831X^3 + 2658X^4 + 5980X^5 + 9891X^6 + 12345X^7 + 11771X^8 + 8587X^9 + 4757X^10 + 1969X^11 + 592X^12 + 123X^13 + 16X^14 + X^15,[ 1 1 1 1 1 1 1 1 1 1 1 2 2 2 2 2 3 3 4 7 ],7
10,16,2,1,2,1 + 20*X + 168X^2 + 812X^3 + 2604X^4 + 6014X^5 + 10506X^6 + 14283X^7 + 15339X^8 + 13082X^9 + 8836X^10 + 4676X^11 + 1900X^12 + 573X^13 + 121X^14 + 16X^15 + X^16,[ 1 1 1 1 1 1 1 1 1 1 1 1 1 2 2 2 3 4 6 6 ],6
10,10,3,1,4,1 + 20*X + 167X^2 + 779X^3 + 2272X^4 + 4369X^5 + 5657X^6 + 4904X^7 + 2737X^8 + 890X^9 + 128X^10,[ 1 1 1 1 1 1 2 2 2 2 2 2 2 2 2 2 2 2 2 6 ],6
10,14,2,1,2,1 + 20*X + 169X^2 + 801X^3 + 2403X^4 + 4909X^5 + 7184X^6 + 7818X^7 + 6463X^8 + 4088X^9 + 1962X^10 + 696X^11 + 173X^12 + 27X^13 + 2X^14,[ 1 1 1 1 1 1 1 1 1 1 2 2 2 2 2 3 3 4 4 4 ],4
10,15,3,3,3,1 + 20*X + 171X^2 + 832X^3 + 2613X^4 + 5723X^5 + 9204X^6 + 11217X^7 + 10529X^8 + 7647X^9 + 4272X^10 + 1805X^11 + 559X^12 + 120X^13 + 16X^14 + X^15,[ 1 1 1 1 1 1 1 1 1 1 1 2 2 2 2 2 3 3 5 6 ],6
10,15,3,2,2,1 + 20*X + 170X^2 + 827X^3 + 2635X^4 + 5965X^5 + 10059X^6 + 12957X^7 + 12890X^8 + 9919X^9 + 5867X^10 + 2628X^11 + 867X^12 + 200X^13 + 29X^14 + 2X^15,[ 1 1 1 1 1 1 1 1 1 1 1 1 2 2 2 2 3 3 5 7 ],7
10,14,2,1,2,1 + 20*X + 170X^2 + 815X^3 + 2479X^4 + 5129X^5 + 7579X^6 + 8302X^7 + 6871X^8 + 4323X^9 + 2051X^10 + 716X^11 + 175X^12 + 27X^13 + 2X^14,[ 1 1 1 1 1 1 1 1 1 1 2 2 2 2 2 3 3 3 4 5 ],5
10,13,4,2,2,1 + 20*X + 164X^2 + 761X^3 + 2300X^4 + 4867X^5 + 7472X^6 + 8424X^7 + 6942X^8 + 4102X^9 + 1675X^10 + 442X^11 + 66X^12 + 4X^13,[ 1 1 1 1 1 1 1 1 1 2 2 2 2 2 2 2 2 2 5 6 ],6
10,14,1,2,3,1 + 20*X + 168X^2 + 792X^3 + 2370X^4 + 4848X^5 + 7151X^6 + 7903X^7 + 6690X^8 + 4355X^9 + 2148X^10 + 775X^11 + 192X^12 + 29X^13 + 2X^14,[ 1 1 1 1 1 1 1 1 1 1 2 2 2 2 2 2 4 4 4 4 ],4
10,15,3,2,2,1 + 20*X + 167X^2 + 798X^3 + 2519X^4 + 5708X^5 + 9726X^6 + 12760X^7 + 13013X^8 + 10309X^9 + 6281X^10 + 2884X^11 + 964X^12 + 221X^13 + 31X^14 + 2X^15,[ 1 1 1 1 1 1 1 1 1 1 1 1 2 2 2 2 2 4 5 7 ],7
10,18,2,0,1,1 + 20*X + 171X^2 + 922X^3 + 3515X^4 + 9933X^5 + 21567X^6 + 36829X^7 + 50193X^8 + 55055X^9 + 48763X^10 + 34827X^11 + 19929X^12 + 9023X^13 + 3165X^14 + 831X^15 + 154X^16 + 18X^17 + X^18,[ 1 1 1 1 1 1 1 1 1 1 1 1 1 1 1 1 1 2 3 16 ],16
10,16,2,0,1,1 + 20*X + 164X^2 + 793X^3 + 2613X^4 + 6321X^5 + 11711X^6 + 17019X^7 + 19623X^8 + 17988X^9 + 13036X^10 + 7373X^11 + 3185X^12 + 1015X^13 + 225X^14 + 31X^15 + 2X^16,[ 1 1 1 1 1 1 1 1 1 1 1 1 1 1 2 2 2 6 6 6 ],6
10,15,1,1,1,1 + 20*X + 170X^2 + 827X^3 + 2636X^4 + 5933X^5 + 9856X^6 + 12309X^7 + 11683X^8 + 8462X^9 + 4661X^10 + 1927X^11 + 582X^12 + 122X^13 + 16X^14 + X^15,[ 1 1 1 1 1 1 1 1 1 1 1 2 2 2 2 2 3 3 3 8 ],8
10,12,3,0,2,1 + 20*X + 167X^2 + 786X^3 + 2340X^4 + 4657X^5 + 6362X^6 + 6015X^7 + 3910X^8 + 1710X^9 + 482X^10 + 80X^11 + 6X^12,[ 1 1 1 1 1 1 1 2 2 2 2 2 2 2 2 2 2 2 3 6 ],6
10,15,2,1,1,1 + 20*X + 169X^2 + 827X^3 + 2688X^4 + 6249X^5 + 10829X^6 + 14265X^7 + 14434X^8 + 11248X^9 + 6711X^10 + 3015X^11 + 988X^12 + 223X^13 + 31X^14 + 2X^15,[ 1 1 1 1 1 1 1 1 1 1 1 1 2 2 2 2 2 3 4 9 ],9
10,15,2,1,1,1 + 20*X + 170X^2 + 822X^3 + 2552X^4 + 5477X^5 + 8580X^6 + 10186X^7 + 9350X^8 + 6683X^9 + 3704X^10 + 1567X^11 + 491X^12 + 108X^13 + 15X^14 + X^15,[ 1 1 1 1 1 1 1 1 1 1 1 2 2 2 2 3 3 3 5 5 ],5
10,15,1,1,1,1 + 20*X + 170X^2 + 821X^3 + 2570X^4 + 5646X^5 + 9235X^6 + 11584X^7 + 11344X^8 + 8722X^9 + 5236X^10 + 2411X^11 + 823X^12 + 196X^13 + 29X^14 + 2X^15,[ 1 1 1 1 1 1 1 1 1 1 1 1 2 2 2 2 4 4 5 5 ],5
10,14,2,1,2,1 + 20*X + 169X^2 + 802X^3 + 2402X^4 + 4845X^5 + 6863X^6 + 7054X^7 + 5373X^8 + 3074X^9 + 1324X^10 + 423X^11 + 96X^12 + 14X^13 + X^14,[ 1 1 1 1 1 1 1 1 1 2 2 2 2 2 3 3 3 3 3 4 ],4
10,15,5,3,3,1 + 20*X + 169X^2 + 815X^3 + 2579X^4 + 5824X^5 + 9869X^6 + 12879X^7 + 13078X^8 + 10330X^9 + 6284X^10 + 2884X^11 + 964X^12 + 221X^13 + 31X^14 + 2X^15,[ 1 1 1 1 1 1 1 1 1 1 1 1 2 2 2 2 2 4 6 6 ],6
10,17,8,1,2,1 + 20*X + 171X^2 + 881X^3 + 3130X^4 + 8193X^5 + 16392X^6 + 25631X^7 + 31747X^8 + 31360X^9 + 24718X^10 + 15455X^11 + 7566X^12 + 2836X^13 + 785X^14 + 151X^15 + 18X^16 + X^17,[ 1 1 1 1 1 1 1 1 1 1 1 1 1 1 1 2 2 2 5 12 ],12
10,14,3,1,4,1 + 20*X + 168X^2 + 813X^3 + 2584X^4 + 5766X^5 + 9350X^6 + 11195X^7 + 9938X^8 + 6508X^9 + 3098X^10 + 1042X^11 + 235X^12 + 32X^13 + 2X^14,[ 1 1 1 1 1 1 1 1 1 1 2 2 2 2 2 2 2 2 3 9 ],9
10,15,1,1,1,1 + 20*X + 170X^2 + 818X^3 + 2537X^4 + 5491X^5 + 8772X^6 + 10664X^7 + 10034X^8 + 7342X^9 + 4149X^10 + 1776X^11 + 556X^12 + 120X^13 + 16X^14 + X^15,[ 1 1 1 1 1 1 1 1 1 1 1 2 2 2 2 2 2 5 5 5 ],5
10,13,3,3,3,1 + 20*X + 168X^2 + 798X^3 + 2429X^4 + 5085X^5 + 7624X^6 + 8329X^7 + 6625X^8 + 3780X^9 + 1501X^10 + 392X^11 + 60X^12 + 4X^13,[ 1 1 1 1 1 1 1 1 1 2 2 2 2 2 2 2 2 2 4 7 ],7
10,11,5,3,3,1 + 20*X + 168X^2 + 783X^3 + 2243X^4 + 4126X^5 + 4937X^6 + 3798X^7 + 1802X^8 + 481X^9 + 59X^10 + 2X^11,[ 1 1 1 1 1 2 2 2 2 2 2 2 2 2 2 2 2 2 2 5 ],5
10,14,3,1,3,1 + 20*X + 168X^2 + 801X^3 + 2472X^4 + 5316X^5 + 8322X^6 + 9710X^7 + 8515X^8 + 5590X^9 + 2705X^10 + 936X^11 + 219X^12 + 31X^13 + 2X^14,[ 1 1 1 1 1 1 1 1 1 1 2 2 2 2 2 2 2 3 5 6 ],6
10,14,3,3,4,1 + 20*X + 170X^2 + 817X^3 + 2508X^4 + 5290X^5 + 8034X^6 + 9032X^7 + 7615X^8 + 4824X^9 + 2277X^10 + 783X^11 + 187X^12 + 28X^13 + 2X^14,[ 1 1 1 1 1 1 1 1 1 1 2 2 2 2 2 3 3 3 3 6 ],6
10,15,2,1,1,1 + 20*X + 168X^2 + 813X^3 + 2606X^4 + 5987X^5 + 10321X^6 + 13633X^7 + 13915X^8 + 10965X^9 + 6611X^10 + 2994X^11 + 986X^12 + 223X^13 + 31X^14 + 2X^15,[ 1 1 1 1 1 1 1 1 1 1 1 1 2 2 2 2 2 3 6 7 ],7
10,15,1,1,1,1 + 20*X + 171X^2 + 837X^3 + 2675X^4 + 6036X^5 + 10095X^6 + 12747X^7 + 12257X^8 + 8986X^9 + 4998X^10 + 2081X^11 + 631X^12 + 132X^13 + 17X^14 + X^15,[ 1 1 1 1 1 1 1 1 1 1 1 2 2 2 2 2 2 3 4 8 ],8
10,13,3,2,2,1 + 20*X + 168X^2 + 784X^3 + 2267X^4 + 4306X^5 + 5591X^6 + 5125X^7 + 3407X^8 + 1670X^9 + 601X^10 + 153X^11 + 25X^12 + 2X^13,[ 1 1 1 1 1 1 1 1 2 2 2 2 2 2 3 3 3 3 3 3 ],3
10,16,2,0,2,1 + 20*X + 169X^2 + 838X^3 + 2802X^4 + 6813X^5 + 12591X^6 + 18143X^7 + 20654X^8 + 18657X^9 + 13333X^10 + 7458X^11 + 3199X^12 + 1016X^13 + 225X^14 + 31X^15 + 2X^16,[ 1 1 1 1 1 1 1 1 1 1 1 1 1 1 2 2 2 4 5 9 ],9
10,17,3,1,1,1 + 20*X + 171X^2 + 883X^3 + 3179X^4 + 8411X^5 + 16875X^6 + 26246X^7 + 32098X^8 + 31108X^9 + 23947X^10 + 14598X^11 + 6982X^12 + 2574X^13 + 709X^14 + 138X^15 + 17X^16 + X^17,[ 1 1 1 1 1 1 1 1 1 1 1 1 1 1 1 2 2 3 3 13 ],13
10,15,4,2,2,1 + 20*X + 165X^2 + 794X^3 + 2576X^4 + 6022X^5 + 10489X^6 + 13860X^7 + 14006X^8 + 10812X^9 + 6307X^10 + 2718X^11 + 832X^12 + 169X^13 + 20X^14 + X^15,[ 1 1 1 1 1 1 1 1 1 1 1 2 2 2 2 2 2 2 6 7 ],7
10,16,4,2,3,1 + 20*X + 170X^2 + 850X^3 + 2891X^4 + 7163X^5 + 13363X^6 + 19148X^7 + 21338X^8 + 18587X^9 + 12624X^10 + 6613X^11 + 2616X^12 + 754X^13 + 149X^14 + 18X^15 + X^16,[ 1 1 1 1 1 1 1 1 1 1 1 1 1 2 2 2 2 2 4 11 ],11
10,15,2,1,1,1 + 20*X + 169X^2 + 823X^3 + 2646X^4 + 6061X^5 + 10350X^6 + 13466X^7 + 13497X^8 + 10450X^9 + 6215X^10 + 2795X^11 + 922X^12 + 211X^13 + 30X^14 + 2X^15,[ 1 1 1 1 1 1 1 1 1 1 1 1 2 2 2 2 3 3 4 8 ],8
10,11,2,2,2,1 + 20*X + 169X^2 + 791X^3 + 2263X^4 + 4120X^5 + 4821X^6 + 3567X^7 + 1585X^8 + 378X^9 + 39X^10 + 2X^11,[ 1 1 1 1 2 2 2 2 2 2 2 2 2 2 2 2 2 2 2 4 ],4
10,16,2,1,2,1 + 20*X + 169X^2 + 830X^3 + 2753X^4 + 6719X^5 + 12545X^6 + 18306X^7 + 21074X^8 + 19173X^9 + 13729X^10 + 7657X^11 + 3263X^12 + 1028X^13 + 226X^14 + 31X^15 + 2X^16,[ 1 1 1 1 1 1 1 1 1 1 1 1 1 1 2 2 2 3 7 8 ],8
10,16,2,1,2,1 + 20*X + 170X^2 + 850X^3 + 2880X^4 + 7133X^5 + 13467X^6 + 19814X^7 + 22946X^8 + 20959X^9 + 15034X^10 + 8374X^11 + 3549X^12 + 1106X^13 + 239X^14 + 32X^15 + 2X^16,[ 1 1 1 1 1 1 1 1 1 1 1 1 1 1 2 2 2 2 7 9 ],9
10,13,4,2,3,1 + 20*X + 171X^2 + 830X^3 + 2573X^4 + 5435X^5 + 8121X^6 + 8746X^7 + 6807X^8 + 3773X^9 + 1434X^10 + 346X^11 + 45X^12 + 2X^13,[ 1 1 1 1 1 1 1 1 2 2 2 2 2 2 2 2 2 2 5 5 ],5
10,15,4,3,3,1 + 20*X + 171X^2 + 841X^3 + 2722X^4 + 6269X^5 + 10729X^6 + 13952X^7 + 13905X^8 + 10599X^9 + 6106X^10 + 2599X^11 + 787X^12 + 159X^13 + 19X^14 + X^15,[ 1 1 1 1 1 1 1 1 1 1 1 2 2 2 2 2 2 2 5 8 ],8
10,16,4,2,3,1 + 20*X + 170X^2 + 844X^3 + 2829X^4 + 6914X^5 + 12829X^6 + 18448X^7 + 20744X^8 + 18258X^9 + 12509X^10 + 6590X^11 + 2614X^12 + 754X^13 + 149X^14 + 18X^15 + X^16,[ 1 1 1 1 1 1 1 1 1 1 1 1 1 2 2 2 2 2 7 8 ],8
10,18,4,1,2,1 + 20*X + 171X^2 + 936X^3 + 3620X^4 + 10388X^5 + 22932X^6 + 39832X^7 + 55198X^8 + 61490X^9 + 55198X^10 + 39832X^11 + 22932X^12 + 10388X^13 + 3620X^14 + 936X^15 + 169X^16 + 19X^17 + X^18,[ 1 1 1 1 1 1 1 1 1 1 1 1 1 1 1 1 1 2 2 17 ],17
10,14,1,1,2,1 + 20*X + 169X^2 + 818X^3 + 2594X^4 + 5827X^5 + 9714X^6 + 12322X^7 + 12002X^8 + 8944X^9 + 5018X^10 + 2053X^11 + 578X^12 + 100X^13 + 8X^14,[ 1 1 1 1 1 1 1 1 1 1 1 1 2 2 2 2 2 5 5 6 ],6
10,13,4,1,2,1 + 20*X + 167X^2 + 785X^3 + 2348X^4 + 4767X^5 + 6809X^6 + 6952X^7 + 5069X^8 + 2602X^9 + 917X^10 + 213X^11 + 30X^12 + 2X^13,[ 1 1 1 1 1 1 1 1 2 2 2 2 2 2 2 2 2 2 3 7 ],7
10,15,3,2,1,1 + 20*X + 170X^2 + 833X^3 + 2688X^4 + 6164X^5 + 10530X^6 + 13774X^7 + 13963X^8 + 10967X^9 + 6607X^10 + 2993X^11 + 986X^12 + 223X^13 + 31X^14 + 2X^15,[ 1 1 1 1 1 1 1 1 1 1 1 1 2 2 2 2 2 3 5 8 ],8
10,16,2,1,14,1 + 20*X + 170X^2 + 851X^3 + 2887X^4 + 7096X^5 + 13077X^6 + 18425X^7 + 20076X^8 + 17005X^9 + 11188X^10 + 5676X^11 + 2187X^12 + 623X^13 + 125X^14 + 16X^15 + X^16,[ 1 1 1 1 1 1 1 1 1 1 1 1 1 2 2 2 3 3 3 10 ],10
10,16,4,2,3,1 + 20*X + 171X^2 + 859X^3 + 2913X^4 + 7166X^5 + 13292X^6 + 19000X^7 + 21179X^8 + 18482X^9 + 12581X^10 + 6603X^11 + 2615X^12 + 754X^13 + 149X^14 + 18X^15 + X^16,[ 1 1 1 1 1 1 1 1 1 1 1 1 1 2 2 2 2 2 5 10 ],10
10,17,3,1,1,1 + 20*X + 169X^2 + 866X^3 + 3115X^4 + 8343X^5 + 17207X^6 + 27918X^7 + 36080X^8 + 37345X^9 + 30943X^10 + 20395X^11 + 10557X^12 + 4200X^13 + 1240X^14 + 256X^15 + 33X^16 + 2X^17,[ 1 1 1 1 1 1 1 1 1 1 1 1 1 1 1 1 2 2 6 12 ],12
10,11,4,3,3,1 + 20*X + 167X^2 + 763X^3 + 2089X^4 + 3527X^5 + 3650X^6 + 2233X^7 + 755X^8 + 133X^9 + 15X^10 + X^11,[ 1 1 1 2 2 2 2 2 2 2 2 2 2 2 2 2 2 2 2 3 ],3
